{
  "all_model_results": [
    {
      "model": "logistic_regression",
      "accuracy": 0.25,
      "precision": 0.16365543982098668,
      "recall": 0.16872181646583015,
      "f1_score": 0.155586920273708
    },
    {
      "model": "random_forest",
      "accuracy": 0.235,
      "precision": 0.16893338143338144,
      "recall": 0.17661662641733236,
      "f1_score": 0.16339878690284598
    }
  ],
  "best_model": "logistic_regression",
  "confusion_matrix": [
    [
      7,
      0,
      0,
      1,
      0,
      1,
      1,
      0,
      0,
      3,
      0,
      0,
      1,
      0,
      1,
      0,
      1,
      1
    ],
    [
      0,
      0,
      0,
      1,
      1,
      1,
      1,
      0,
      0,
      0,
      0,
      1,
      1,
      0,
      0,
      1,
      0,
      1
    ],
    [
      2,
      0,
      1,
      0,
      1,
      0,
      0,
      0,
      0,
      0,
      0,
      0,
      2,
      0,
      0,
      0,
      0,
      1
    ],
    [
      1,
      0,
      0,
      2,
      0,
      0,
      1,
      0,
      0,
      0,
      0,
      0,
      2,
      0,
      2,
      0,
      0,
      3
    ],
    [
      2,
      0,
      0,
      0,
      0,
      0,
      0,
      0,
      0,
      0,
      0,
      0,
      3,
      0,
      0,
      0,
      0,
      1
    ],
    [
      0,
      0,
      0,
      0,
      0,
      3,
      0,
      0,
      0,
      0,
      0,
      0,
      3,
      0,
      0,
      1,
      0,
      1
    ],
    [
      0,
      0,
      1,
      1,
      0,
      1,
      1,
      0,
      1,
      1,
      0,
      0,
      1,
      0,
      0,
      0,
      1,
      5
    ],
    [
      0,
      0,
      0,
      0,
      0,
      0,
      0,
      0,
      0,
      0,
      0,
      0,
      1,
      0,
      0,
      0,
      0,
      1
    ],
    [
      2,
      0,
      0,
      1,
      0,
      0,
      0,
      0,
      0,
      0,
      0,
      0,
      1,
      0,
      2,
      0,
      0,
      1
    ],
    [
      3,
      0,
      0,
      0,
      0,
      1,
      2,
      0,
      0,
      5,
      0,
      0,
      1,
      0,
      0,
      2,
      1,
      4
    ],
    [
      1,
      0,
      0,
      0,
      0,
      1,
      0,
      0,
      0,
      0,
      0,
      1,
      1,
      0,
      0,
      2,
      0,
      2
    ],
    [
      0,
      0,
      0,
      1,
      1,
      0,
      0,
      0,
      0,
      2,
      0,
      0,
      2,
      0,
      0,
      0,
      0,
      0
    ],
    [
      3,
      0,
      0,
      0,
      1,
      0,
      0,
      0,
      1,
      3,
      0,
      0,
      12,
      0,
      0,
      0,
      0,
      3
    ],
    [
      1,
      0,
      0,
      1,
      0,
      0,
      0,
      0,
      0,
      1,
      0,
      0,
      1,
      0,
      0,
      0,
      0,
      4
    ],
    [
      0,
      0,
      0,
      1,
      1,
      1,
      0,
      0,
      0,
      4,
      0,
      1,
      0,
      0,
      2,
      0,
      0,
      2
    ],
    [
      0,
      0,
      0,
      0,
      0,
      0,
      0,
      0,
      0,
      0,
      0,
      0,
      2,
      0,
      1,
      3,
      2,
      3
    ],
    [
      2,
      0,
      0,
      0,
      0,
      0,
      0,
      0,
      0,
      0,
      0,
      1,
      0,
      0,
      0,
      2,
      1,
      1
    ],
    [
      1,
      0,
      0,
      0,
      0,
      0,
      1,
      0,
      2,
      5,
      0,
      0,
      4,
      0,
      0,
      1,
      0,
      13
    ]
  ],
  "class_labels": [
    "bug",
    "dark",
    "dragon",
    "electric",
    "fairy",
    "fighting",
    "fire",
    "flying",
    "ghost",
    "grass",
    "ground",
    "ice",
    "normal",
    "poison",
    "psychic",
    "rock",
    "steel",
    "water"
  ],
  "feature_importance": {
    "height": 0.3584282076550609,
    "weight": 0.5059122809763327,
    "base_experience": 0.4752058900667104,
    "stat_hp": 0.3679158802838061,
    "stat_attack": 0.4112340129452434,
    "stat_defense": 0.383782574358542,
    "stat_special_attack": 0.4882661885636359,
    "stat_special_defense": 0.26161043958183167,
    "stat_speed": 0.23052905103464683
  },
  "features": [
    "height",
    "weight",
    "base_experience",
    "stat_hp",
    "stat_attack",
    "stat_defense",
    "stat_special_attack",
    "stat_special_defense",
    "stat_speed"
  ]
}